{
  "results": [
    {
      "command": "cd ONRL && cmake --build build --clean-first 2>/dev/null",
      "mean": 15.864324308480002,
      "stddev": 0.02463897165230973,
      "median": 15.853857346280002,
      "user": 12.602221579999998,
      "system": 3.26205712,
      "min": 15.84391892528,
      "max": 15.90102263428,
      "times": [
        15.853857346280002,
        15.87782229928,
        15.84500033728,
        15.90102263428,
        15.84391892528
      ],
      "exit_codes": [
        0,
        0,
        0,
        0,
        0
      ]
    }
  ]
}
